1	Thu Aug 23 00:00:00 EDT 5556	1	fdgfdg	fdgdfgd	n
2	Thu Jun 29 00:00:00 EDT 4000	4	hgfhgg	gggdhdf	y
2	Thu Jun 29 00:00:00 EDT 4000	4	hgfhgg	gggdhdf	y2	Thu Jun 29 00:00:00 EDT 4000	4	hgfhgg	gggdhdf	y
2	null	3	hgfhgg	gggdhdf	y
2	null	3	hgfhgg	gggdhdf	y2	null	3	hgfhgg	gggdhdf	y
2	null	3	hgfhgg	gggdhdf	y2	null	3	hgfhgg	gggdhdf	y2	null	3	hgfhgg	gggdhdf	y
3	null	3	hgfhgg	gggdhdf	y
3	null	3	hgfhgg	gggdhdf	y3	null	3	hgfhgg	gggdhdf	y
3	null	3	hgfhgg	gggdhdf	y3	null	3	hgfhgg	gggdhdf	y3	null	3	hgfhgg	gggdhdf	y
3	null	3	hgfhgg	gggdhdf	y3	null	3	hgfhgg	gggdhdf	y3	null	3	hgfhgg	gggdhdf	y3	null	3	hgfhgg	gggdhdf	y
3	null	3	hgfhgg	gggdhdf	y3	null	3	hgfhgg	gggdhdf	y3	null	3	hgfhgg	gggdhdf	y3	null	3	hgfhgg	gggdhdf	y3	null	3	hgfhgg	gggdhdf	y
3	null	3	hgfhgg	gggdhdf	y3	null	3	hgfhgg	gggdhdf	y3	null	3	hgfhgg	gggdhdf	y3	null	3	hgfhgg	gggdhdf	y3	null	3	hgfhgg	gggdhdf	y3	null	3	hgfhgg	gggdhdf	y
1	Mon Apr 21 00:00:00 EDT 3000	1	gh	f	n
